algorithm,n_clusters,n_noise,silhouette,calinski_harabasz,davies_bouldin
kmeans,3,0,0.07927878684942678,105.93257256123856,2.816716891976446
dbscan,0,1200,,,
agglomerative,3,0,0.026248800187582036,64.61873600712609,3.558291627858866
