model_name,task,final_train_loss,final_val_loss,mae,mse,rmse,r2,mape,max_error,accuracy,precision,recall,f1
mlp_regressor,regression,48.978302001953125,47.54018974304199,6.880424499511719,47.533203125,6.894432763106766,-51.01576614379883,0.9891065359115601,8.86722469329834,,,,
mlp_classifier,classification,0.620587416489919,0.5849439650774002,,,,,,,0.75,0.748847288383149,0.7477616548317382,0.7272336215425647
cnn_classifier,classification,0.45150670409202576,0.93019038438797,,,,,,,1.0,1.0,1.0,1.0
rnn_classifier,classification,1.0450855195522308,1.0014803409576416,,,,,,,0.8166666666666667,0.8318468970642883,0.8166666666666668,0.8090204369274137
lstm_classifier,classification,1.0888439416885376,1.0792514085769653,,,,,,,0.3333333333333333,0.1111111111111111,0.3333333333333333,0.16666666666666666
transformer_classifier,classification,0.7056505978107452,0.518680989742279,,,,,,,1.0,1.0,1.0,1.0
