model_name,task,train_size,test_size,training_time_sec,accuracy,precision,recall,f1
logistic_regression,classification,960,240,0.04133319854736328,0.8583333333333333,0.8580837707111248,0.8580837707111248,0.8580837707111248
extra_trees_classifier,classification,960,240,0.3601248264312744,0.8333333333333334,0.8384241466845858,0.833230420911804,0.835154784178951
gradient_boosting_classifier,classification,960,240,9.17163610458374,0.8291666666666667,0.8381717875620315,0.8290110116291035,0.8317610972195403
svm_classifier,classification,960,240,0.30829381942749023,0.8166666666666667,0.8203625312059047,0.8163527837810024,0.8178825289936401
random_forest_classifier,classification,960,240,0.5110073089599609,0.8083333333333333,0.8152636690553061,0.8082227024801893,0.8107652196329308
decision_tree_classifier,classification,960,240,0.05703020095825195,0.7666666666666667,0.7628778203490847,0.7660286096531851,0.7637203325626657
knn_classifier,classification,960,240,0.03460240364074707,0.7125,0.7088496045017784,0.7119481321395492,0.7080370108716982
